{"textures":{"0":"modelengine:entity/dwarf_1"},"elements":[{"from":[10.337303,9.440983,5.142857],"to":[10.843755,10.453875,10.207349],"rotation":{"angle":0.0,"axis":"y","origin":[7.2986116,8.934531,9.194451]},"faces":{"south":{"uv":[5.125,11.0,5.25,11.25],"rotation":0,"texture":"#0","tintindex":0},"north":{"uv":[2.375,11.0,2.5,11.25],"rotation":0,"texture":"#0","tintindex":0},"down":{"uv":[7.5,9.375,7.375,10.625],"rotation":0,"texture":"#0","tintindex":0},"east":{"uv":[3.875,0.875,5.125,1.125],"rotation":0,"texture":"#0","tintindex":0},"west":{"uv":[8.125,6.375,9.375,6.625],"rotation":0,"texture":"#0","tintindex":0},"up":{"uv":[6.0,10.5,5.875,9.25],"rotation":0,"texture":"#0","tintindex":0}}},{"from":[6.285714,6.4022856,5.649308],"to":[10.337303,10.453875,9.700897],"rotation":{"angle":0.0,"axis":"y","origin":[8.311508,8.42808,7.6751027]},"faces":{"south":{"uv":[2.25,4.0,3.25,5.0],"rotation":0,"texture":"#0","tintindex":0},"north":{"uv":[3.75,3.875,4.75,4.875],"rotation":0,"texture":"#0","tintindex":0},"down":{"uv":[4.375,5.0,3.375,6.0],"rotation":0,"texture":"#0","tintindex":0},"east":{"uv":[0.0,4.0,1.0,5.0],"rotation":0,"texture":"#0","tintindex":0},"west":{"uv":[4.875,3.875,5.875,4.875],"rotation":0,"texture":"#0","tintindex":0},"up":{"uv":[2.125,6.0,1.125,5.0],"rotation":0,"texture":"#0","tintindex":0}}},{"from":[7.805057,7.415183,4.636411],"to":[8.817954,8.934531,5.649308],"rotation":{"angle":0.0,"axis":"y","origin":[8.311508,9.440983,3.6235085]},"faces":{"south":{"uv":[2.625,10.375,2.875,10.75],"rotation":0,"texture":"#0","tintindex":0},"north":{"uv":[10.375,1.75,10.625,2.125],"rotation":0,"texture":"#0","tintindex":0},"down":{"uv":[8.5,10.5,8.25,10.75],"rotation":0,"texture":"#0","tintindex":0},"east":{"uv":[10.375,2.5,10.625,2.875],"rotation":0,"texture":"#0","tintindex":0},"west":{"uv":[3.0,10.375,3.25,10.75],"rotation":0,"texture":"#0","tintindex":0},"up":{"uv":[10.75,8.25,10.5,8.0],"rotation":0,"texture":"#0","tintindex":0}}},{"from":[6.2724915,7.7992744,4.889634],"to":[7.79184,8.812172,5.39608],"rotation":{"angle":-22.5,"axis":"z","origin":[8.311508,8.804063,5.142857]},"faces":{"south":{"uv":[3.375,10.375,3.75,10.625],"rotation":0,"texture":"#0","tintindex":0},"north":{"uv":[10.25,4.875,10.625,5.125],"rotation":0,"texture":"#0","tintindex":0},"down":{"uv":[8.75,2.625,8.375,2.75],"rotation":0,"texture":"#0","tintindex":0},"east":{"uv":[8.875,7.75,9.0,8.0],"rotation":0,"texture":"#0","tintindex":0},"west":{"uv":[10.875,9.0,11.0,9.25],"rotation":0,"texture":"#0","tintindex":0},"up":{"uv":[0.375,7.75,0.0,7.625],"rotation":0,"texture":"#0","tintindex":0}}},{"from":[8.8088455,7.7453656,4.889634],"to":[10.328195,8.758263,5.39608],"rotation":{"angle":22.5,"axis":"z","origin":[8.311508,8.804063,5.142857]},"faces":{"south":{"uv":[10.375,9.0,10.75,9.25],"rotation":0,"texture":"#0","tintindex":0},"north":{"uv":[10.375,5.25,10.75,5.5],"rotation":0,"texture":"#0","tintindex":0},"down":{"uv":[10.875,5.875,10.5,6.0],"rotation":0,"texture":"#0","tintindex":0},"east":{"uv":[10.875,10.875,11.0,11.125],"rotation":0,"texture":"#0","tintindex":0},"west":{"uv":[0.0,11.0,0.125,11.25],"rotation":0,"texture":"#0","tintindex":0},"up":{"uv":[9.375,4.0,9.0,3.875],"rotation":0,"texture":"#0","tintindex":0}}},{"from":[9.324406,3.87004,5.142857],"to":[10.337303,7.415183,6.155754],"rotation":{"angle":0.0,"axis":"y","origin":[8.817954,6.4022856,5.142857]},"faces":{"south":{"uv":[8.5,9.125,8.75,10.0],"rotation":0,"texture":"#0","tintindex":0},"north":{"uv":[3.375,4.0,3.625,4.875],"rotation":0,"texture":"#0","tintindex":0},"down":{"uv":[3.625,10.75,3.375,11.0],"rotation":0,"texture":"#0","tintindex":0},"east":{"uv":[8.125,9.125,8.375,10.0],"rotation":0,"texture":"#0","tintindex":0},"west":{"uv":[8.875,9.125,9.125,10.0],"rotation":0,"texture":"#0","tintindex":0},"up":{"uv":[11.0,2.75,10.75,2.5],"rotation":0,"texture":"#0","tintindex":0}}},{"from":[8.817954,7.415183,5.142857],"to":[9.830857,7.921634,6.155754],"rotation":{"angle":0.0,"axis":"y","origin":[7.805057,7.415183,5.142857]},"faces":{"south":{"uv":[9.625,5.625,9.875,5.75],"rotation":0,"texture":"#0","tintindex":0},"north":{"uv":[2.25,3.75,2.5,3.875],"rotation":0,"texture":"#0","tintindex":0},"down":{"uv":[11.0,6.375,10.75,6.625],"rotation":0,"texture":"#0","tintindex":0},"east":{"uv":[9.5,1.875,9.75,2.0],"rotation":0,"texture":"#0","tintindex":0},"west":{"uv":[11.0,0.5,11.25,0.625],"rotation":0,"texture":"#0","tintindex":0},"up":{"uv":[11.0,5.0,10.75,4.75],"rotation":0,"texture":"#0","tintindex":0}}},{"from":[6.285714,9.440983,5.142857],"to":[10.337303,10.453875,5.649308],"rotation":{"angle":0.0,"axis":"y","origin":[6.79216,8.934531,4.636411]},"faces":{"south":{"uv":[8.375,4.125,9.375,4.375],"rotation":0,"texture":"#0","tintindex":0},"north":{"uv":[2.875,8.375,3.875,8.625],"rotation":0,"texture":"#0","tintindex":0},"down":{"uv":[11.0,3.5,10.0,3.625],"rotation":0,"texture":"#0","tintindex":0},"east":{"uv":[0.25,11.0,0.375,11.25],"rotation":0,"texture":"#0","tintindex":0},"west":{"uv":[1.875,11.0,2.0,11.25],"rotation":0,"texture":"#0","tintindex":0},"up":{"uv":[10.875,2.375,9.875,2.25],"rotation":0,"texture":"#0","tintindex":0}}},{"from":[6.285714,9.440983,9.700897],"to":[10.337303,10.453875,10.207349],"rotation":{"angle":0.0,"axis":"y","origin":[6.79216,8.934531,9.194451]},"faces":{"south":{"uv":[8.375,4.875,9.375,5.125],"rotation":0,"texture":"#0","tintindex":0},"north":{"uv":[8.375,4.5,9.375,4.75],"rotation":0,"texture":"#0","tintindex":0},"down":{"uv":[11.125,1.0,10.125,1.125],"rotation":0,"texture":"#0","tintindex":0},"east":{"uv":[2.125,11.0,2.25,11.25],"rotation":0,"texture":"#0","tintindex":0},"west":{"uv":[11.0,2.125,11.125,2.375],"rotation":0,"texture":"#0","tintindex":0},"up":{"uv":[11.0,6.25,10.0,6.125],"rotation":0,"texture":"#0","tintindex":0}}},{"from":[5.7792625,9.440983,5.142857],"to":[6.285714,10.453875,10.207349],"rotation":{"angle":0.0,"axis":"y","origin":[2.740571,8.934531,9.194451]},"faces":{"south":{"uv":[6.0,11.0,6.125,11.25],"rotation":0,"texture":"#0","tintindex":0},"north":{"uv":[5.75,11.0,5.875,11.25],"rotation":0,"texture":"#0","tintindex":0},"down":{"uv":[6.25,9.625,6.125,10.875],"rotation":0,"texture":"#0","tintindex":0},"east":{"uv":[8.125,6.75,9.375,7.0],"rotation":0,"texture":"#0","tintindex":0},"west":{"uv":[7.75,8.125,9.0,8.375],"rotation":0,"texture":"#0","tintindex":0},"up":{"uv":[9.75,1.75,9.625,0.5],"rotation":0,"texture":"#0","tintindex":0}}},{"from":[6.285714,9.947429,5.649308],"to":[10.337303,11.466778,9.700897],"rotation":{"angle":0.0,"axis":"y","origin":[6.79216,9.947429,5.142857]},"faces":{"south":{"uv":[7.75,7.625,8.75,8.0],"rotation":0,"texture":"#0","tintindex":0},"north":{"uv":[7.625,5.875,8.625,6.25],"rotation":0,"texture":"#0","tintindex":0},"down":{"uv":[1.0,5.125,0.0,6.125],"rotation":0,"texture":"#0","tintindex":0},"east":{"uv":[7.75,7.125,8.75,7.5],"rotation":0,"texture":"#0","tintindex":0},"west":{"uv":[0.0,7.875,1.0,8.25],"rotation":0,"texture":"#0","tintindex":0},"up":{"uv":[5.5,6.0,4.5,5.0],"rotation":0,"texture":"#0","tintindex":0}}},{"from":[7.805057,10.453875,5.142857],"to":[8.817954,11.973223,5.649308],"rotation":{"angle":0.0,"axis":"y","origin":[6.79216,10.453875,4.636411]},"faces":{"south":{"uv":[10.375,9.375,10.625,9.75],"rotation":0,"texture":"#0","tintindex":0},"north":{"uv":[7.625,10.375,7.875,10.75],"rotation":0,"texture":"#0","tintindex":0},"down":{"uv":[11.25,5.875,11.0,6.0],"rotation":0,"texture":"#0","tintindex":0},"east":{"uv":[1.875,8.875,2.0,9.25],"rotation":0,"texture":"#0","tintindex":0},"west":{"uv":[10.875,8.25,11.0,8.625],"rotation":0,"texture":"#0","tintindex":0},"up":{"uv":[11.25,0.875,11.0,0.75],"rotation":0,"texture":"#0","tintindex":0}}},{"from":[7.805057,10.453875,9.700897],"to":[8.817954,11.973223,10.207349],"rotation":{"angle":0.0,"axis":"y","origin":[6.79216,10.453875,9.194451]},"faces":{"south":{"uv":[10.375,10.375,10.625,10.75],"rotation":0,"texture":"#0","tintindex":0},"north":{"uv":[10.375,9.875,10.625,10.25],"rotation":0,"texture":"#0","tintindex":0},"down":{"uv":[6.875,11.0,6.625,11.125],"rotation":0,"texture":"#0","tintindex":0},"east":{"uv":[10.375,10.875,10.5,11.25],"rotation":0,"texture":"#0","tintindex":0},"west":{"uv":[10.625,10.875,10.75,11.25],"rotation":0,"texture":"#0","tintindex":0},"up":{"uv":[6.5,11.125,6.25,11.0],"rotation":0,"texture":"#0","tintindex":0}}},{"from":[7.805057,11.466778,5.649308],"to":[8.817954,11.973223,9.700897],"rotation":{"angle":0.0,"axis":"y","origin":[6.79216,10.453875,8.688]},"faces":{"south":{"uv":[11.125,0.25,11.375,0.375],"rotation":0,"texture":"#0","tintindex":0},"north":{"uv":[7.0,11.0,7.25,11.125],"rotation":0,"texture":"#0","tintindex":0},"down":{"uv":[8.0,8.5,7.75,9.5],"rotation":0,"texture":"#0","tintindex":0},"east":{"uv":[10.125,1.25,11.125,1.375],"rotation":0,"texture":"#0","tintindex":0},"west":{"uv":[10.125,1.5,11.125,1.625],"rotation":0,"texture":"#0","tintindex":0},"up":{"uv":[7.625,9.25,7.375,8.25],"rotation":0,"texture":"#0","tintindex":0}}},{"from":[5.2171087,6.741457,5.39608],"to":[5.72356,9.7801485,10.460571],"rotation":{"angle":-22.5,"axis":"z","origin":[5.470337,8.260806,7.9283257]},"faces":{"south":{"uv":[3.125,5.125,3.25,5.875],"rotation":0,"texture":"#0","tintindex":0},"north":{"uv":[1.125,2.75,1.25,3.5],"rotation":0,"texture":"#0","tintindex":0},"down":{"uv":[6.75,9.625,6.625,10.875],"rotation":0,"texture":"#0","tintindex":0},"east":{"uv":[5.375,0.875,6.625,1.625],"rotation":0,"texture":"#0","tintindex":0},"west":{"uv":[5.375,1.75,6.625,2.5],"rotation":0,"texture":"#0","tintindex":0},"up":{"uv":[6.5,10.875,6.375,9.625],"rotation":0,"texture":"#0","tintindex":0}}},{"from":[10.899457,6.6148458,5.39608],"to":[11.405909,9.653538,10.460571],"rotation":{"angle":22.5,"axis":"z","origin":[11.15268,8.134189,7.9283257]},"faces":{"south":{"uv":[0.75,10.5,0.875,11.25],"rotation":0,"texture":"#0","tintindex":0},"north":{"uv":[3.875,10.375,4.0,11.125],"rotation":0,"texture":"#0","tintindex":0},"down":{"uv":[7.25,9.625,7.125,10.875],"rotation":0,"texture":"#0","tintindex":0},"east":{"uv":[5.375,2.625,6.625,3.375],"rotation":0,"texture":"#0","tintindex":0},"west":{"uv":[5.5,0.0,6.75,0.75],"rotation":0,"texture":"#0","tintindex":0},"up":{"uv":[7.0,10.875,6.875,9.625],"rotation":0,"texture":"#0","tintindex":0}}},{"from":[6.285714,6.3241315,10.32088],"to":[10.337303,9.362823,10.827326],"rotation":{"angle":-22.5,"axis":"x","origin":[6.79216,7.8434744,9.814428]},"faces":{"south":{"uv":[4.5,6.125,5.5,6.875],"rotation":0,"texture":"#0","tintindex":0},"north":{"uv":[1.125,6.125,2.125,6.875],"rotation":0,"texture":"#0","tintindex":0},"down":{"uv":[11.125,4.0,10.125,4.125],"rotation":0,"texture":"#0","tintindex":0},"east":{"uv":[10.5,7.125,10.625,7.875],"rotation":0,"texture":"#0","tintindex":0},"west":{"uv":[8.0,10.5,8.125,11.25],"rotation":0,"texture":"#0","tintindex":0},"up":{"uv":[11.125,3.875,10.125,3.75],"rotation":0,"texture":"#0","tintindex":0}}},{"from":[6.285714,3.87004,5.142857],"to":[7.2986116,7.415183,6.155754],"rotation":{"angle":0.0,"axis":"y","origin":[5.7792625,6.4022856,5.142857]},"faces":{"south":{"uv":[1.875,9.375,2.125,10.25],"rotation":0,"texture":"#0","tintindex":0},"north":{"uv":[5.5,9.25,5.75,10.125],"rotation":0,"texture":"#0","tintindex":0},"down":{"uv":[11.0,7.125,10.75,7.375],"rotation":0,"texture":"#0","tintindex":0},"east":{"uv":[9.25,9.125,9.5,10.0],"rotation":0,"texture":"#0","tintindex":0},"west":{"uv":[2.25,9.375,2.5,10.25],"rotation":0,"texture":"#0","tintindex":0},"up":{"uv":[11.0,7.0,10.75,6.75],"rotation":0,"texture":"#0","tintindex":0}}},{"from":[7.805057,3.363594,5.142857],"to":[8.817954,6.9087315,6.155754],"rotation":{"angle":0.0,"axis":"y","origin":[7.2986116,5.895834,5.142857]},"faces":{"south":{"uv":[3.375,9.375,3.625,10.25],"rotation":0,"texture":"#0","tintindex":0},"north":{"uv":[2.625,9.375,2.875,10.25],"rotation":0,"texture":"#0","tintindex":0},"down":{"uv":[11.0,9.375,10.75,9.625],"rotation":0,"texture":"#0","tintindex":0},"east":{"uv":[3.0,9.375,3.25,10.25],"rotation":0,"texture":"#0","tintindex":0},"west":{"uv":[3.75,9.375,4.0,10.25],"rotation":0,"texture":"#0","tintindex":0},"up":{"uv":[11.0,7.75,10.75,7.5],"rotation":0,"texture":"#0","tintindex":0}}},{"from":[8.817954,3.363594,5.142857],"to":[9.324406,7.415183,5.649308],"rotation":{"angle":0.0,"axis":"y","origin":[7.805057,5.895834,4.636411]},"faces":{"south":{"uv":[8.875,10.125,9.0,11.125],"rotation":0,"texture":"#0","tintindex":0},"north":{"uv":[0.5,10.125,0.625,11.125],"rotation":0,"texture":"#0","tintindex":0},"down":{"uv":[9.25,8.25,9.125,8.375],"rotation":0,"texture":"#0","tintindex":0},"east":{"uv":[8.625,10.125,8.75,11.125],"rotation":0,"texture":"#0","tintindex":0},"west":{"uv":[9.125,10.125,9.25,11.125],"rotation":0,"texture":"#0","tintindex":0},"up":{"uv":[8.25,4.25,8.125,4.125],"rotation":0,"texture":"#0","tintindex":0}}},{"from":[7.2986116,3.363594,5.142857],"to":[7.805057,7.415183,5.649308],"rotation":{"angle":0.0,"axis":"y","origin":[6.285714,5.895834,4.636411]},"faces":{"south":{"uv":[5.5,10.25,5.625,11.25],"rotation":0,"texture":"#0","tintindex":0},"north":{"uv":[9.375,10.125,9.5,11.125],"rotation":0,"texture":"#0","tintindex":0},"down":{"uv":[11.25,7.625,11.125,7.75],"rotation":0,"texture":"#0","tintindex":0},"east":{"uv":[10.125,9.875,10.25,10.875],"rotation":0,"texture":"#0","tintindex":0},"west":{"uv":[10.25,7.125,10.375,8.125],"rotation":0,"texture":"#0","tintindex":0},"up":{"uv":[11.25,3.625,11.125,3.5],"rotation":0,"texture":"#0","tintindex":0}}},{"from":[6.79216,7.415183,5.142857],"to":[7.805057,7.921634,6.155754],"rotation":{"angle":0.0,"axis":"y","origin":[5.7792625,7.415183,5.142857]},"faces":{"south":{"uv":[11.125,2.75,11.375,2.875],"rotation":0,"texture":"#0","tintindex":0},"north":{"uv":[11.125,1.75,11.375,1.875],"rotation":0,"texture":"#0","tintindex":0},"down":{"uv":[11.0,10.125,10.75,10.375],"rotation":0,"texture":"#0","tintindex":0},"east":{"uv":[11.125,2.5,11.375,2.625],"rotation":0,"texture":"#0","tintindex":0},"west":{"uv":[3.375,11.125,3.625,11.25],"rotation":0,"texture":"#0","tintindex":0},"up":{"uv":[11.0,10.0,10.75,9.75],"rotation":0,"texture":"#0","tintindex":0}}},{"from":[5.7792625,4.882937,5.649308],"to":[6.285714,9.440983,10.207349],"rotation":{"angle":0.0,"axis":"y","origin":[5.2728167,8.42808,5.649308]},"faces":{"south":{"uv":[4.125,9.875,4.25,11.0],"rotation":0,"texture":"#0","tintindex":0},"north":{"uv":[9.875,0.5,10.0,1.625],"rotation":0,"texture":"#0","tintindex":0},"down":{"uv":[9.75,9.875,9.625,11.0],"rotation":0,"texture":"#0","tintindex":0},"east":{"uv":[1.375,0.0,2.5,1.125],"rotation":0,"texture":"#0","tintindex":0},"west":{"uv":[1.375,1.25,2.5,2.375],"rotation":0,"texture":"#0","tintindex":0},"up":{"uv":[4.5,11.0,4.375,9.875],"rotation":0,"texture":"#0","tintindex":0}}},{"from":[6.285714,4.882937,9.700897],"to":[10.337303,9.440983,10.207349],"rotation":{"angle":0.0,"axis":"y","origin":[5.7792625,8.42808,5.649308]},"faces":{"south":{"uv":[1.125,3.75,2.125,4.875],"rotation":0,"texture":"#0","tintindex":0},"north":{"uv":[0.0,2.75,1.0,3.875],"rotation":0,"texture":"#0","tintindex":0},"down":{"uv":[11.25,0.0,10.25,0.125],"rotation":0,"texture":"#0","tintindex":0},"east":{"uv":[9.875,9.875,10.0,11.0],"rotation":0,"texture":"#0","tintindex":0},"west":{"uv":[1.125,10.0,1.25,11.125],"rotation":0,"texture":"#0","tintindex":0},"up":{"uv":[11.125,8.875,10.125,8.75],"rotation":0,"texture":"#0","tintindex":0}}},{"from":[10.337303,4.882937,5.649308],"to":[10.843755,9.440983,10.207349],"rotation":{"angle":0.0,"axis":"y","origin":[11.350206,8.42808,5.649308]},"faces":{"south":{"uv":[1.625,10.0,1.75,11.125],"rotation":0,"texture":"#0","tintindex":0},"north":{"uv":[1.375,10.0,1.5,11.125],"rotation":0,"texture":"#0","tintindex":0},"down":{"uv":[5.0,10.0,4.875,11.125],"rotation":0,"texture":"#0","tintindex":0},"east":{"uv":[1.375,2.5,2.5,3.625],"rotation":0,"texture":"#0","tintindex":0},"west":{"uv":[2.625,0.0,3.75,1.125],"rotation":0,"texture":"#0","tintindex":0},"up":{"uv":[4.75,11.125,4.625,10.0],"rotation":0,"texture":"#0","tintindex":0}}},{"from":[7.7037716,2.2494054,5.041566],"to":[8.919246,3.46488,6.2570457],"rotation":{"angle":0.0,"axis":"y","origin":[7.805057,2.3506913,5.142857]},"faces":{"south":{"uv":[10.625,0.5,10.875,0.75],"rotation":0,"texture":"#0","tintindex":0},"north":{"uv":[10.5,8.375,10.75,8.625],"rotation":0,"texture":"#0","tintindex":0},"down":{"uv":[11.0,1.75,10.75,2.0],"rotation":0,"texture":"#0","tintindex":0},"east":{"uv":[0.0,10.625,0.25,10.875],"rotation":0,"texture":"#0","tintindex":0},"west":{"uv":[5.125,10.625,5.375,10.875],"rotation":0,"texture":"#0","tintindex":0},"up":{"uv":[6.0,10.875,5.75,10.625],"rotation":0,"texture":"#0","tintindex":0}}},{"from":[9.223114,2.7558508,5.041566],"to":[10.438595,3.9713311,6.2570457],"rotation":{"angle":0.0,"axis":"y","origin":[9.324406,2.8571424,5.142857]},"faces":{"south":{"uv":[10.625,0.5,10.875,0.75],"rotation":0,"texture":"#0","tintindex":0},"north":{"uv":[10.5,8.375,10.75,8.625],"rotation":0,"texture":"#0","tintindex":0},"down":{"uv":[11.0,1.75,10.75,2.0],"rotation":0,"texture":"#0","tintindex":0},"east":{"uv":[0.0,10.625,0.25,10.875],"rotation":0,"texture":"#0","tintindex":0},"west":{"uv":[5.125,10.625,5.375,10.875],"rotation":0,"texture":"#0","tintindex":0},"up":{"uv":[6.0,10.875,5.75,10.625],"rotation":0,"texture":"#0","tintindex":0}}},{"from":[6.184423,2.7558508,5.041566],"to":[7.399903,3.9713311,6.2570457],"rotation":{"angle":0.0,"axis":"y","origin":[6.285714,2.8571424,5.142857]},"faces":{"south":{"uv":[10.625,0.5,10.875,0.75],"rotation":0,"texture":"#0","tintindex":0},"north":{"uv":[10.5,8.375,10.75,8.625],"rotation":0,"texture":"#0","tintindex":0},"down":{"uv":[11.0,1.75,10.75,2.0],"rotation":0,"texture":"#0","tintindex":0},"east":{"uv":[0.0,10.625,0.25,10.875],"rotation":0,"texture":"#0","tintindex":0},"west":{"uv":[5.125,10.625,5.375,10.875],"rotation":0,"texture":"#0","tintindex":0},"up":{"uv":[6.0,10.875,5.75,10.625],"rotation":0,"texture":"#0","tintindex":0}}}],"display":{"head":{"translation":[0.0,-6.4,0.0],"scale":[4.0,4.0,4.0]}}}