{"textures":{"0":"modelengine:entity/dwarf_1"},"elements":[{"from":[6.73388,4.324897,6.412326],"to":[9.266126,5.3377943,8.9445715],"rotation":{"angle":0.0,"axis":"y","origin":[7.746777,3.8184457,6.918777]},"faces":{"south":{"uv":[9.5,7.375,10.125,7.625],"rotation":0,"texture":"#0","tintindex":0},"north":{"uv":[9.375,8.75,10.0,9.0],"rotation":0,"texture":"#0","tintindex":0},"down":{"uv":[8.0,2.875,7.375,3.5],"rotation":0,"texture":"#0","tintindex":0},"east":{"uv":[9.5,4.875,10.125,5.125],"rotation":0,"texture":"#0","tintindex":0},"west":{"uv":[9.625,2.625,10.25,2.875],"rotation":0,"texture":"#0","tintindex":0},"up":{"uv":[2.875,7.875,2.25,7.25],"rotation":0,"texture":"#0","tintindex":0}}},{"from":[6.9871025,5.3377943,6.665554],"to":[9.012903,6.857143,8.691349],"rotation":{"angle":0.0,"axis":"y","origin":[8.0,4.8313427,6.665554]},"faces":{"south":{"uv":[9.125,7.75,9.625,8.125],"rotation":0,"texture":"#0","tintindex":0},"north":{"uv":[8.75,5.875,9.25,6.25],"rotation":0,"texture":"#0","tintindex":0},"down":{"uv":[8.875,5.25,8.375,5.75],"rotation":0,"texture":"#0","tintindex":0},"east":{"uv":[9.0,1.25,9.5,1.625],"rotation":0,"texture":"#0","tintindex":0},"west":{"uv":[9.25,2.125,9.75,2.5],"rotation":0,"texture":"#0","tintindex":0},"up":{"uv":[7.25,3.375,6.75,2.875],"rotation":0,"texture":"#0","tintindex":0}}},{"from":[6.9871025,2.8055482,6.665554],"to":[9.012903,4.8313427,8.691349],"rotation":{"angle":0.0,"axis":"y","origin":[8.0,2.299097,6.665554]},"faces":{"south":{"uv":[2.125,8.75,2.625,9.25],"rotation":0,"texture":"#0","tintindex":0},"north":{"uv":[8.125,8.5,8.625,9.0],"rotation":0,"texture":"#0","tintindex":0},"down":{"uv":[4.5,8.75,4.0,9.25],"rotation":0,"texture":"#0","tintindex":0},"east":{"uv":[5.5,8.625,6.0,9.125],"rotation":0,"texture":"#0","tintindex":0},"west":{"uv":[2.75,8.75,3.25,9.25],"rotation":0,"texture":"#0","tintindex":0},"up":{"uv":[3.875,9.25,3.375,8.75],"rotation":0,"texture":"#0","tintindex":0}}},{"from":[6.721257,6.857143,6.285714],"to":[9.253503,9.389389,9.324411],"rotation":{"angle":0.0,"axis":"y","origin":[8.0,6.857143,6.285714]},"faces":{"south":{"uv":[7.375,6.375,8.0,7.0],"rotation":0,"texture":"#0","tintindex":0},"north":{"uv":[7.375,3.625,8.0,4.25],"rotation":0,"texture":"#0","tintindex":0},"down":{"uv":[5.375,7.0,4.75,7.75],"rotation":0,"texture":"#0","tintindex":0},"east":{"uv":[1.375,7.0,2.125,7.625],"rotation":0,"texture":"#0","tintindex":0},"west":{"uv":[3.125,7.0,3.875,7.625],"rotation":0,"texture":"#0","tintindex":0},"up":{"uv":[4.625,7.75,4.0,7.0],"rotation":0,"texture":"#0","tintindex":0}}}],"display":{"head":{"translation":[0.0,-6.4,0.0],"scale":[4.0,4.0,4.0]}}}