{"providers":[{"type":"ttf","file":"minecraft:negative_spaces.ttf","shift":[0.0,0.0],"size":10.0,"oversample":1.0},{"type":"bitmap","file":"minecraft:custom/golem_bossbar.png","ascent":17,"height":256,"chars":[""]},{"type":"bitmap","file":"minecraft:custom/santa.png","ascent":17,"height":52,"chars":[""]},{"type":"bitmap","file":"reallyworld:gui/gui_bg.png","ascent":40,"height":256,"chars":["ꀀ"]},{"type":"bitmap","file":"reallyworld:gui/gui_decoration.png","ascent":31,"height":256,"chars":["ꀁ"]},{"type":"bitmap","file":"reallyworld:gui/logotype.png","ascent":31,"height":150,"chars":["ꀂ"]},{"type":"bitmap","file":"reallyworld:gui/content/content_00.png","ascent":31,"height":256,"chars":["ꌀ"]},{"type":"bitmap","file":"reallyworld:gui/content/content_01.png","ascent":31,"height":256,"chars":["ꌁ"]},{"type":"bitmap","file":"reallyworld:gui/content/content_02.png","ascent":31,"height":256,"chars":["ꌂ"]},{"type":"bitmap","file":"reallyworld:gui/content/content_03.png","ascent":31,"height":256,"chars":["ꌃ"]},{"type":"bitmap","file":"reallyworld:gui/content/content_04.png","ascent":31,"height":256,"chars":["ꌄ"]},{"type":"bitmap","file":"reallyworld:gui/content/content_05.png","ascent":31,"height":256,"chars":["ꌅ"]},{"type":"bitmap","file":"reallyworld:gui/content/content_06.png","ascent":31,"height":256,"chars":["ꌆ"]},{"type":"bitmap","file":"reallyworld:gui/content/content_07.png","ascent":31,"height":256,"chars":["ꌇ"]},{"type":"bitmap","file":"reallyworld:gui/content/content_08.png","ascent":31,"height":256,"chars":["ꌈ"]},{"type":"bitmap","file":"reallyworld:gui/content/content_09.png","ascent":31,"height":256,"chars":["ꌉ"]},{"type":"bitmap","file":"reallyworld:gui/content/content_10.png","ascent":31,"height":256,"chars":["ꌐ"]},{"type":"bitmap","file":"reallyworld:gui/content/content_11.png","ascent":31,"height":256,"chars":["ꌑ"]},{"type":"bitmap","file":"reallyworld:gui/content/content_12.png","ascent":31,"height":256,"chars":["ꌒ"]},{"type":"bitmap","file":"reallyworld:gui/content/content_13.png","ascent":31,"height":256,"chars":["ꌓ"]},{"type":"bitmap","file":"reallyworld:gui/content/content_14.png","ascent":31,"height":256,"chars":["ꌔ"]},{"type":"bitmap","file":"reallyworld:gui/content/content_15.png","ascent":31,"height":256,"chars":["ꌕ"]},{"type":"bitmap","file":"reallyworld:gui/content/content_16.png","ascent":31,"height":256,"chars":["ꌖ"]},{"type":"bitmap","file":"reallyworld:gui/content/content_17.png","ascent":31,"height":256,"chars":["ꌗ"]},{"type":"bitmap","file":"reallyworld:gui/content/content_18.png","ascent":31,"height":256,"chars":["ꌘ"]},{"type":"bitmap","file":"reallyworld:gui/content/content_19.png","ascent":31,"height":256,"chars":["ꌙ"]},{"type":"bitmap","file":"reallyworld:gui/content/content_20.png","ascent":31,"height":256,"chars":["ꌠ"]},{"type":"bitmap","file":"reallyworld:gui/content/content_21.png","ascent":31,"height":256,"chars":["ꌡ"]},{"type":"bitmap","file":"reallyworld:gui/content/content_22.png","ascent":31,"height":256,"chars":["ꌢ"]},{"type":"bitmap","file":"reallyworld:gui/content/content_23.png","ascent":31,"height":256,"chars":["ꌣ"]},{"type":"bitmap","file":"reallyworld:gui/content/content_24.png","ascent":31,"height":256,"chars":["ꌤ"]},{"type":"bitmap","file":"reallyworld:gui/content/content_25.png","ascent":31,"height":256,"chars":["ꌥ"]},{"type":"bitmap","file":"reallyworld:gui/content/content_26.png","ascent":31,"height":256,"chars":["ꌦ"]},{"type":"bitmap","file":"reallyworld:gui/content/content_27.png","ascent":31,"height":256,"chars":["ꌧ"]},{"type":"bitmap","file":"reallyworld:gui/content/content_28.png","ascent":31,"height":256,"chars":["ꌨ"]},{"type":"bitmap","file":"reallyworld:gui/content/content_29.png","ascent":31,"height":256,"chars":["ꌩ"]},{"type":"bitmap","file":"reallyworld:gui/content/content_30.png","ascent":31,"height":256,"chars":["ꌰ"]},{"type":"bitmap","file":"reallyworld:gui/content/content_31.png","ascent":31,"height":256,"chars":["ꌱ"]},{"type":"bitmap","file":"reallyworld:gui/content/content_32.png","ascent":31,"height":256,"chars":["ꌲ"]},{"type":"bitmap","file":"reallyworld:gui/content/content_33.png","ascent":31,"height":256,"chars":["ꌳ"]},{"type":"bitmap","file":"reallyworld:gui/content/content_34.png","ascent":31,"height":256,"chars":["ꌴ"]},{"type":"bitmap","file":"reallyworld:gui/content/content_35.png","ascent":31,"height":256,"chars":["ꌵ"]},{"type":"bitmap","file":"reallyworld:gui/content/content_36.png","ascent":31,"height":256,"chars":["ꌶ"]},{"type":"bitmap","file":"reallyworld:gui/content/content_37.png","ascent":31,"height":256,"chars":["ꌷ"]},{"type":"bitmap","file":"reallyworld:gui/content/content_38.png","ascent":31,"height":256,"chars":["ꌸ"]},{"type":"bitmap","file":"reallyworld:gui/content/content_39.png","ascent":31,"height":256,"chars":["ꌹ"]},{"type":"bitmap","file":"reallyworld:gui/content/content_40.png","ascent":31,"height":256,"chars":["ꍀ"]},{"type":"bitmap","file":"reallyworld:gui/content/content_41.png","ascent":31,"height":256,"chars":["ꍁ"]},{"type":"bitmap","file":"reallyworld:gui/content/content_42.png","ascent":31,"height":256,"chars":["ꍂ"]},{"type":"bitmap","file":"reallyworld:gui/content/content_43.png","ascent":31,"height":256,"chars":["ꍃ"]},{"type":"bitmap","file":"reallyworld:gui/content/content_44.png","ascent":31,"height":256,"chars":["ꍄ"]},{"type":"bitmap","file":"reallyworld:gui/content/content_45.png","ascent":31,"height":256,"chars":["ꍅ"]},{"type":"bitmap","file":"reallyworld:gui/content/content_46.png","ascent":31,"height":256,"chars":["ꍆ"]},{"type":"bitmap","file":"reallyworld:gui/content/content_47.png","ascent":31,"height":256,"chars":["ꍇ"]},{"type":"bitmap","file":"reallyworld:gui/content/content_48.png","ascent":31,"height":256,"chars":["ꍈ"]},{"type":"bitmap","file":"reallyworld:gui/content/content_1_1.png","ascent":31,"height":256,"chars":["ꘀ"]},{"type":"bitmap","file":"reallyworld:gui/title/title_00.png","ascent":26,"height":32,"chars":["ꄀꄁꄂꄃ","ꄄꄅꄆꄇ","ꄈꄉꀐꄑ","ꄒꄓꄔꄕ","ꄖꄗꄘꄙ","ꄠꄡꄢꄣ","ꄤꄥꄦꄧ","ꄨꄩꄰꄱ"]},{"type":"bitmap","file":"reallyworld:font/prefix.png","ascent":8,"height":10,"chars":["ꔀꔁꔂꔃ","ꔄꔅꔆꔇ","ꔈꔉꔐꔑ","ꔒꔓꔔꔕ","ꔖꔗꔘꔙ","ꔠꔡꔢꔣ","ꔤꔥꔦꔧ","ꔨꔩꔰꔱ","ꔲꔳꔴꔵ","ꔶꔷꔸꔹ","ꕀꕁꕂꕃ","ꕄꕅꕆꕇ","ꕈꕉꕐꕑ","ꕒꕓꕔꕕ","ꕖꕗꕘꕙ","ꕠꕡꕣꕢ"]},{"type":"bitmap","file":"reallyworld:font/winner.png","ascent":8,"height":10,"chars":["꘧"]},{"type":"bitmap","file":"reallyworld:font/sponsor.png","ascent":8,"height":10,"chars":["꘤"]},{"type":"bitmap","file":"reallyworld:font/sthelper.png","ascent":8,"height":10,"chars":["ꗻ"]},{"type":"bitmap","file":"reallyworld:font/aurora.png","ascent":8,"height":10,"chars":["ꗫ"]},{"type":"bitmap","file":"reallyworld:font/ghost.png","ascent":8,"height":10,"chars":["ꗣ"]},{"type":"bitmap","file":"reallyworld:font/mediaadm.png","ascent":8,"height":10,"chars":["ꗤ"]},{"type":"bitmap","file":"reallyworld:font/assistant.png","ascent":8,"height":10,"chars":["ꗠ"]},{"type":"bitmap","file":"reallyworld:font/dadmin.png","ascent":8,"height":10,"chars":["ꗌ"]},{"type":"bitmap","file":"reallyworld:font/mediaplus.png","ascent":8,"height":10,"chars":["ꗙ"]},{"type":"bitmap","file":"reallyworld:font/offhelper.png","ascent":8,"height":10,"chars":["ꖸ"]},{"type":"bitmap","file":"reallyworld:font/offsthelper.png","ascent":8,"height":10,"chars":["ꕧ"]},{"type":"bitmap","file":"reallyworld:font/offmlmoder.png","ascent":8,"height":10,"chars":["ꕭ"]},{"type":"bitmap","file":"reallyworld:font/offmoder.png","ascent":8,"height":10,"chars":["ꖩ"]},{"type":"bitmap","file":"reallyworld:font/offmoderplus.png","ascent":8,"height":10,"chars":["ꗧ"]},{"type":"bitmap","file":"reallyworld:font/offstmoder.png","ascent":8,"height":10,"chars":["ꖧ"]},{"type":"bitmap","file":"reallyworld:font/offglmoder.png","ascent":8,"height":10,"chars":["ꖦ"]},{"type":"bitmap","file":"reallyworld:font/space.png","ascent":-32768,"height":-50,"chars":["ꈁ"]},{"type":"bitmap","file":"reallyworld:font/space.png","ascent":-32768,"height":-259,"chars":["ꈂ"]},{"type":"bitmap","file":"reallyworld:font/space.png","ascent":-32768,"height":-163,"chars":["ꈃ"]},{"type":"bitmap","file":"reallyworld:font/space/space_1.png","ascent":7,"height":8,"chars":["ꅁ"]},{"type":"bitmap","file":"reallyworld:font/space/space_2.png","ascent":7,"height":8,"chars":["ꅂ"]},{"type":"bitmap","file":"reallyworld:font/space/space_3.png","ascent":7,"height":8,"chars":["ꅃ"]},{"type":"bitmap","file":"reallyworld:font/space/space_4.png","ascent":7,"height":8,"chars":["ꅄ"]},{"type":"bitmap","file":"reallyworld:font/space/space_5.png","ascent":7,"height":8,"chars":["ꅅ"]},{"type":"bitmap","file":"reallyworld:font/space/space_6.png","ascent":7,"height":8,"chars":["ꅆ"]},{"type":"bitmap","file":"reallyworld:font/space/space_7.png","ascent":7,"height":8,"chars":["ꅇ"]},{"type":"bitmap","file":"reallyworld:font/space/space_8.png","ascent":7,"height":8,"chars":["ꅈ"]},{"type":"bitmap","file":"reallyworld:font/sidebar_end.png","ascent":7,"height":32,"chars":["ꐀ"]},{"type":"bitmap","file":"reallyworld:font/sidebar_start.png","ascent":7,"height":32,"chars":["ꐁ"]},{"type":"bitmap","file":"reallyworld:font/balance_money.png","ascent":7,"height":32,"chars":["ꐂ"]},{"type":"bitmap","file":"reallyworld:font/balance_really.png","ascent":7,"height":32,"chars":["ꐃ"]},{"type":"bitmap","file":"reallyworld:font/balance_event.png","ascent":7,"height":32,"chars":["ꐄ"]},{"type":"bitmap","file":"reallyworld:font/icon_ms.png","ascent":7,"height":32,"chars":["ꐅ"]},{"type":"bitmap","file":"reallyworld:font/icon_lvl.png","ascent":7,"height":32,"chars":["ꐆ"]},{"type":"bitmap","file":"reallyworld:font/icon_exp.png","ascent":7,"height":32,"chars":["ꐇ"]},{"type":"bitmap","file":"black_nun:black_nun/bossbar/black_nun.png","ascent":17,"height":52,"chars":["﬍"]},{"type":"bitmap","file":"black_nun:black_nun/bossbar/black_nun_2.png","ascent":17,"height":52,"chars":["﬌"]},{"type":"bitmap","file":"black_nun:black_nun/bossbar/black_nun_3.png","ascent":17,"height":52,"chars":["﬋"]}]}