{"textures":{"0":"modelengine:entity/goblin_1"},"elements":[{"from":[7.0503826,1.8783369,6.9042115],"to":[9.254074,4.0820284,9.107903],"rotation":{"angle":0.0,"axis":"y","origin":[4.5714283,6.285714,6.857143]},"faces":{"south":{"uv":[6.75,6.75,7.25,7.25],"rotation":0,"texture":"#0","tintindex":0},"north":{"uv":[6.75,0.0,7.25,0.5],"rotation":0,"texture":"#0","tintindex":0},"down":{"uv":[5.25,7.0,4.75,7.5],"rotation":0,"texture":"#0","tintindex":0},"east":{"uv":[6.75,6.125,7.25,6.625],"rotation":0,"texture":"#0","tintindex":0},"west":{"uv":[5.375,6.875,5.875,7.375],"rotation":0,"texture":"#0","tintindex":0},"up":{"uv":[1.125,7.5,0.625,7.0],"rotation":0,"texture":"#0","tintindex":0}}},{"from":[7.3258457,4.0820284,6.9042115],"to":[8.978611,6.83664,9.107903],"rotation":{"angle":0.0,"axis":"y","origin":[4.5714283,6.285714,6.857143]},"faces":{"south":{"uv":[1.75,7.25,2.125,7.875],"rotation":0,"texture":"#0","tintindex":0},"north":{"uv":[7.125,1.25,7.5,1.875],"rotation":0,"texture":"#0","tintindex":0},"down":{"uv":[7.625,3.0,7.25,3.5],"rotation":0,"texture":"#0","tintindex":0},"east":{"uv":[6.125,0.0,6.625,0.625],"rotation":0,"texture":"#0","tintindex":0},"west":{"uv":[4.75,6.25,5.25,6.875],"rotation":0,"texture":"#0","tintindex":0},"up":{"uv":[3.125,7.75,2.75,7.25],"rotation":0,"texture":"#0","tintindex":0}}},{"from":[6.7749257,6.83664,6.6287484],"to":[8.978611,9.040332,9.38336],"rotation":{"angle":0.0,"axis":"y","origin":[4.5714283,6.285714,6.857143]},"faces":{"south":{"uv":[6.0,7.0,6.5,7.5],"rotation":0,"texture":"#0","tintindex":0},"north":{"uv":[7.0,5.0,7.5,5.5],"rotation":0,"texture":"#0","tintindex":0},"down":{"uv":[0.5,6.375,0.0,7.0],"rotation":0,"texture":"#0","tintindex":0},"east":{"uv":[5.375,6.25,6.0,6.75],"rotation":0,"texture":"#0","tintindex":0},"west":{"uv":[6.25,5.5,6.875,6.0],"rotation":0,"texture":"#0","tintindex":0},"up":{"uv":[6.625,6.875,6.125,6.25],"rotation":0,"texture":"#0","tintindex":0}}}],"display":{"head":{"translation":[0.0,-6.4,0.0],"scale":[4.0,4.0,4.0]}}}