{"textures":{"0":"modelengine:entity/goblin_2"},"elements":[{"from":[7.667103,6.6906114,8.040172],"to":[9.07772,9.041635,9.920989],"rotation":{"angle":0.0,"axis":"y","origin":[11.428572,8.571428,8.0]},"faces":{"south":{"uv":[9.625,2.5,10.0,3.125],"rotation":0,"texture":"#0","tintindex":0},"north":{"uv":[0.625,9.625,1.0,10.25],"rotation":0,"texture":"#0","tintindex":0},"down":{"uv":[10.375,1.25,10.0,1.75],"rotation":0,"texture":"#0","tintindex":0},"east":{"uv":[4.375,8.375,4.875,9.0],"rotation":0,"texture":"#0","tintindex":0},"west":{"uv":[8.375,4.375,8.875,5.0],"rotation":0,"texture":"#0","tintindex":0},"up":{"uv":[1.5,10.375,1.125,9.875],"rotation":0,"texture":"#0","tintindex":0}}},{"from":[7.432006,4.8097944,8.040172],"to":[9.312823,6.6906114,9.920989],"rotation":{"angle":0.0,"axis":"y","origin":[11.428572,8.571428,8.0]},"faces":{"south":{"uv":[9.0,4.375,9.5,4.875],"rotation":0,"texture":"#0","tintindex":0},"north":{"uv":[9.0,0.0,9.5,0.5],"rotation":0,"texture":"#0","tintindex":0},"down":{"uv":[9.5,5.75,9.0,6.25],"rotation":0,"texture":"#0","tintindex":0},"east":{"uv":[9.0,2.5,9.5,3.0],"rotation":0,"texture":"#0","tintindex":0},"west":{"uv":[5.0,9.0,5.5,9.5],"rotation":0,"texture":"#0","tintindex":0},"up":{"uv":[6.125,9.5,5.625,9.0],"rotation":0,"texture":"#0","tintindex":0}}}],"display":{"head":{"translation":[0.0,-6.4,0.0],"scale":[4.0,4.0,4.0]}}}