{"textures":{"0":"modelengine:entity/goblin_2"},"elements":[{"from":[7.428571,8.0,7.428571],"to":[8.368978,11.761635,8.368978],"rotation":{"angle":0.0,"axis":"y","origin":[7.428571,8.0,7.428571]},"faces":{"south":{"uv":[9.5,8.0,9.75,9.0],"rotation":0,"texture":"#0","tintindex":0},"north":{"uv":[9.5,8.0,9.75,9.0],"rotation":0,"texture":"#0","tintindex":0},"down":{"uv":[3.875,11.375,3.625,11.625],"rotation":0,"texture":"#0","tintindex":0},"east":{"uv":[8.125,9.5,8.375,10.5],"rotation":0,"texture":"#0","tintindex":0},"west":{"uv":[8.125,9.5,8.375,10.5],"rotation":0,"texture":"#0","tintindex":0},"up":{"uv":[3.125,11.625,2.875,11.375],"rotation":0,"texture":"#0","tintindex":0}}}],"display":{"head":{"translation":[0.0,-6.4,0.0],"scale":[4.0,4.0,4.0]}}}