{"textures":{"0":"modelengine:entity/goblin_2"},"elements":[{"from":[6.8014627,4.8097944,8.040172],"to":[8.68228,6.6906114,9.920989],"rotation":{"angle":0.0,"axis":"y","origin":[4.685714,8.571428,8.0]},"faces":{"south":{"uv":[9.375,1.875,9.875,2.375],"rotation":0,"texture":"#0","tintindex":0},"north":{"uv":[9.375,0.625,9.875,1.125],"rotation":0,"texture":"#0","tintindex":0},"down":{"uv":[9.25,9.375,8.75,9.875],"rotation":0,"texture":"#0","tintindex":0},"east":{"uv":[9.375,1.25,9.875,1.75],"rotation":0,"texture":"#0","tintindex":0},"west":{"uv":[2.625,9.375,3.125,9.875],"rotation":0,"texture":"#0","tintindex":0},"up":{"uv":[9.875,5.5,9.375,5.0],"rotation":0,"texture":"#0","tintindex":0}}},{"from":[7.036566,6.6906114,8.040172],"to":[8.447177,9.041635,9.920989],"rotation":{"angle":0.0,"axis":"y","origin":[4.685714,8.571428,8.0]},"faces":{"south":{"uv":[9.625,4.125,10.0,4.75],"rotation":0,"texture":"#0","tintindex":0},"north":{"uv":[3.25,9.625,3.625,10.25],"rotation":0,"texture":"#0","tintindex":0},"down":{"uv":[10.125,10.0,9.75,10.5],"rotation":0,"texture":"#0","tintindex":0},"east":{"uv":[0.625,8.875,1.125,9.5],"rotation":0,"texture":"#0","tintindex":0},"west":{"uv":[3.375,8.875,3.875,9.5],"rotation":0,"texture":"#0","tintindex":0},"up":{"uv":[10.375,9.625,10.0,9.125],"rotation":0,"texture":"#0","tintindex":0}}}],"display":{"head":{"translation":[0.0,-6.4,0.0],"scale":[4.0,4.0,4.0]}}}