{"textures":{"0":"modelengine:entity/goblin_2"},"elements":[{"from":[8.0,4.6595945,7.529794],"to":[8.940406,10.772245,8.4702],"rotation":{"angle":0.0,"axis":"y","origin":[8.0,9.714286,8.0]},"faces":{"south":{"uv":[7.375,8.0,7.625,9.625],"rotation":0,"texture":"#0","tintindex":0},"north":{"uv":[6.625,7.75,6.875,9.375],"rotation":0,"texture":"#0","tintindex":0},"down":{"uv":[11.25,11.125,11.0,11.375],"rotation":0,"texture":"#0","tintindex":0},"east":{"uv":[7.0,7.75,7.25,9.375],"rotation":0,"texture":"#0","tintindex":0},"west":{"uv":[7.75,8.0,8.0,9.625],"rotation":0,"texture":"#0","tintindex":0},"up":{"uv":[10.875,11.375,10.625,11.125],"rotation":0,"texture":"#0","tintindex":0}}},{"from":[8.940406,14.063675,7.2946916],"to":[10.351023,15.474286,8.705303],"rotation":{"angle":0.0,"axis":"y","origin":[8.0,9.714286,8.0]},"faces":{"south":{"uv":[3.25,10.375,3.625,10.75],"rotation":0,"texture":"#0","tintindex":0},"north":{"uv":[10.375,0.0,10.75,0.375],"rotation":0,"texture":"#0","tintindex":0},"down":{"uv":[10.875,1.25,10.5,1.625],"rotation":0,"texture":"#0","tintindex":0},"east":{"uv":[0.625,10.375,1.0,10.75],"rotation":0,"texture":"#0","tintindex":0},"west":{"uv":[10.375,6.0,10.75,6.375],"rotation":0,"texture":"#0","tintindex":0},"up":{"uv":[1.5,10.875,1.125,10.5],"rotation":0,"texture":"#0","tintindex":0}}},{"from":[9.880817,11.712651,7.529794],"to":[10.821223,14.53388,8.4702],"rotation":{"angle":0.0,"axis":"y","origin":[8.0,9.714286,8.0]},"faces":{"south":{"uv":[5.5,10.0,5.75,10.75],"rotation":0,"texture":"#0","tintindex":0},"north":{"uv":[5.5,10.0,5.75,10.75],"rotation":0,"texture":"#0","tintindex":0},"down":{"uv":[1.75,11.25,1.5,11.5],"rotation":0,"texture":"#0","tintindex":0},"east":{"uv":[5.875,10.0,6.125,10.75],"rotation":0,"texture":"#0","tintindex":0},"west":{"uv":[10.0,6.0,10.25,6.75],"rotation":0,"texture":"#0","tintindex":0},"up":{"uv":[0.875,11.5,0.625,11.25],"rotation":0,"texture":"#0","tintindex":0}}},{"from":[6.1191826,14.063675,7.2946916],"to":[7.529794,15.474286,8.705303],"rotation":{"angle":0.0,"axis":"y","origin":[8.0,9.714286,8.0]},"faces":{"south":{"uv":[10.5,9.125,10.875,9.5],"rotation":0,"texture":"#0","tintindex":0},"north":{"uv":[8.5,10.5,8.875,10.875],"rotation":0,"texture":"#0","tintindex":0},"down":{"uv":[6.625,10.625,6.25,11.0],"rotation":0,"texture":"#0","tintindex":0},"east":{"uv":[9.0,10.5,9.375,10.875],"rotation":0,"texture":"#0","tintindex":0},"west":{"uv":[2.375,10.625,2.75,11.0],"rotation":0,"texture":"#0","tintindex":0},"up":{"uv":[5.375,11.0,5.0,10.625],"rotation":0,"texture":"#0","tintindex":0}}},{"from":[8.0,10.772245,7.2946916],"to":[10.351023,11.712651,8.705303],"rotation":{"angle":0.0,"axis":"y","origin":[8.0,9.714286,8.0]},"faces":{"south":{"uv":[10.125,2.25,10.75,2.5],"rotation":0,"texture":"#0","tintindex":0},"north":{"uv":[10.0,5.25,10.625,5.5],"rotation":0,"texture":"#0","tintindex":0},"down":{"uv":[10.25,0.0,9.625,0.375],"rotation":0,"texture":"#0","tintindex":0},"east":{"uv":[10.875,8.75,11.25,9.0],"rotation":0,"texture":"#0","tintindex":0},"west":{"uv":[11.0,0.375,11.375,0.625],"rotation":0,"texture":"#0","tintindex":0},"up":{"uv":[6.875,3.75,6.25,3.375],"rotation":0,"texture":"#0","tintindex":0}}},{"from":[8.0,3.2489767,7.2946916],"to":[9.410611,4.6595945,8.705303],"rotation":{"angle":0.0,"axis":"y","origin":[8.0,9.714286,8.0]},"faces":{"south":{"uv":[10.625,6.5,11.0,6.875],"rotation":0,"texture":"#0","tintindex":0},"north":{"uv":[10.625,6.5,11.0,6.875],"rotation":0,"texture":"#0","tintindex":0},"down":{"uv":[11.0,7.5,10.625,7.875],"rotation":0,"texture":"#0","tintindex":0},"east":{"uv":[6.75,10.625,7.125,11.0],"rotation":0,"texture":"#0","tintindex":0},"west":{"uv":[10.625,7.0,11.0,7.375],"rotation":0,"texture":"#0","tintindex":0},"up":{"uv":[7.625,11.0,7.25,10.625],"rotation":0,"texture":"#0","tintindex":0}}},{"from":[7.059594,15.00408,7.529794],"to":[9.410611,15.944491,8.4702],"rotation":{"angle":0.0,"axis":"y","origin":[8.0,9.714286,8.0]},"faces":{"south":{"uv":[10.125,3.0,10.75,3.25],"rotation":0,"texture":"#0","tintindex":0},"north":{"uv":[10.125,2.625,10.75,2.875],"rotation":0,"texture":"#0","tintindex":0},"down":{"uv":[10.75,4.125,10.125,4.375],"rotation":0,"texture":"#0","tintindex":0},"east":{"uv":[11.25,10.625,11.5,10.875],"rotation":0,"texture":"#0","tintindex":0},"west":{"uv":[11.375,1.25,11.625,1.5],"rotation":0,"texture":"#0","tintindex":0},"up":{"uv":[10.75,3.625,10.125,3.375],"rotation":0,"texture":"#0","tintindex":0}}},{"from":[5.1787767,13.123269,7.529794],"to":[6.1191826,14.53388,8.4702],"rotation":{"angle":0.0,"axis":"y","origin":[8.0,9.714286,8.0]},"faces":{"south":{"uv":[11.0,1.25,11.25,1.625],"rotation":0,"texture":"#0","tintindex":0},"north":{"uv":[6.25,9.0,6.5,9.375],"rotation":0,"texture":"#0","tintindex":0},"down":{"uv":[2.75,11.375,2.5,11.625],"rotation":0,"texture":"#0","tintindex":0},"east":{"uv":[1.125,11.0,1.375,11.375],"rotation":0,"texture":"#0","tintindex":0},"west":{"uv":[8.5,11.0,8.75,11.375],"rotation":0,"texture":"#0","tintindex":0},"up":{"uv":[2.375,11.625,2.125,11.375],"rotation":0,"texture":"#0","tintindex":0}}},{"from":[4.5910225,3.2489767,8.0],"to":[11.17388,16.884897,8.0],"rotation":{"angle":0.0,"axis":"y","origin":[8.0,9.714286,8.0]},"faces":{"south":{"uv":[1.875,0.0,3.625,3.625],"rotation":0,"texture":"#0","tintindex":0},"north":{"uv":[0.0,0.0,1.75,3.625],"rotation":0,"texture":"#0","tintindex":0},"down":{"uv":[13.125,1.625,11.375,1.625],"rotation":0,"texture":"#0","tintindex":0},"east":{"uv":[0.375,11.5,0.375,15.125],"rotation":0,"texture":"#0","tintindex":0},"west":{"uv":[0.375,11.5,0.375,15.125],"rotation":0,"texture":"#0","tintindex":0},"up":{"uv":[13.125,1.625,11.375,1.625],"rotation":0,"texture":"#0","tintindex":0}}}],"display":{"head":{"translation":[0.0,-6.4,0.0],"scale":[4.0,4.0,4.0]}}}