{"textures":{"0":"modelengine:entity/dwarf_2"},"elements":[{"from":[5.3061256,5.061223,6.61224],"to":[10.857143,11.183675,9.142858],"rotation":{"angle":0.0,"axis":"y","origin":[7.918371,5.061223,6.61224]},"faces":{"south":{"uv":[0.0,1.375,1.25,2.625],"rotation":0,"texture":"#0","tintindex":0},"north":{"uv":[0.0,0.0,1.25,1.25],"rotation":0,"texture":"#0","tintindex":0},"down":{"uv":[3.25,5.125,2.0,5.875],"rotation":0,"texture":"#0","tintindex":0},"east":{"uv":[1.125,5.0,1.875,6.25],"rotation":0,"texture":"#0","tintindex":0},"west":{"uv":[0.0,5.125,0.75,6.375],"rotation":0,"texture":"#0","tintindex":0},"up":{"uv":[6.25,0.75,5.0,0.0],"rotation":0,"texture":"#0","tintindex":0}}}],"display":{"head":{"translation":[0.0,-6.4,0.0],"scale":[4.0,4.0,4.0]}}}