{"golem.death":{"category":"master","sounds":["niiwork/golem/death"]},"golem.rage":{"category":"master","sounds":["niiwork/golem/rage"]},"golem.bossfight":{"category":"master","sounds":["niiwork/golem/bossfight"]},"golem.spawn":{"category":"master","sounds":["niiwork/golem/spawn"]},"golem.attack":{"category":"master","sounds":["niiwork/golem/attack"]},"golem.damaged":{"category":"master","sounds":["niiwork/golem/damaged"]},"golem.run":{"category":"master","sounds":["niiwork/golem/run"]},"golem.splash":{"category":"master","sounds":["niiwork/golem/splash"]},"rofls.goida":{"category":"master","sounds":["niiwork/rofls/goida"]},"rofls.pochernomy":{"category":"master","sounds":["niiwork/rofls/pochernomy"]},"rofls.zvonokdiscord":{"category":"master","sounds":["niiwork/rofls/zvonokdiscord"]},"rofls.zaniatonakhui":{"category":"master","sounds":["niiwork/rofls/zaniatonakhui"]},"rofls.stoiatbliatmilitsiia":{"category":"master","sounds":["niiwork/rofls/stoiatbliatmilitsiia"]},"rofls.obratiktychtotozhetut":{"category":"master","sounds":["niiwork/rofls/obratiktychtotozhetut"]},"rofls.atebiaetoebatnedolzhno":{"category":"master","sounds":["niiwork/rofls/atebiaetoebatnedolzhno"]},"rofls.zhutkaiamuzykasmeshariki":{"category":"master","sounds":["niiwork/rofls/zhutkaiamuzykasmeshariki"]},"rofls.415bazaotvet":{"category":"master","sounds":["niiwork/rofls/415bazaotvet"]},"rofls.vstaliposhli":{"category":"master","sounds":["niiwork/rofls/vstaliposhli"]},"rofls.optimuspraim":{"category":"master","sounds":["niiwork/rofls/optimuspraim"]},"rofls.mashiimedved":{"category":"master","sounds":["niiwork/rofls/mashiimedved"]},"rofls.begupotropinke":{"category":"master","sounds":["niiwork/rofls/begupotropinke"]},"rofls.pobedaetovse":{"category":"master","sounds":["niiwork/rofls/pobedaetovse"]},"rofls.pochemupolugolye":{"category":"master","sounds":["niiwork/rofls/pochemupolugolye"]},"rofls.stoniahahah":{"category":"master","sounds":["niiwork/rofls/stoniahahah"]},"rofls.trahentrahenchopen":{"category":"master","sounds":["niiwork/rofls/trahentrahenchopen"]}}