{"textures":{"0":"modelengine:entity/goblin_4"},"elements":[{"from":[7.311903,7.403137,-6.606578],"to":[8.415903,8.507137,12.161434],"rotation":{"angle":0.0,"axis":"y","origin":[17.142857,18.857143,4.5714283]},"faces":{"south":{"uv":[4.375,2.125,4.5,2.25],"rotation":0,"texture":"#0","tintindex":0},"north":{"uv":[2.125,2.125,2.25,2.25],"rotation":0,"texture":"#0","tintindex":0},"down":{"uv":[2.375,0.0,2.25,2.125],"rotation":0,"texture":"#0","tintindex":0},"east":{"uv":[0.0,2.125,2.125,2.25],"rotation":0,"texture":"#0","tintindex":0},"west":{"uv":[2.25,2.125,4.375,2.25],"rotation":0,"texture":"#0","tintindex":0},"up":{"uv":[2.25,2.125,2.125,0.0],"rotation":0,"texture":"#0","tintindex":0}}},{"from":[7.035903,7.127137,-1.0865717],"to":[8.691903,8.783137,0.017428398],"rotation":{"angle":0.0,"axis":"y","origin":[17.142857,18.857143,4.5714283]},"faces":{"south":{"uv":[2.375,3.25,2.5625,3.4375],"rotation":0,"texture":"#0","tintindex":0},"north":{"uv":[2.0625,3.25,2.25,3.4375],"rotation":0,"texture":"#0","tintindex":0},"down":{"uv":[2.4375,3.125,2.25,3.25],"rotation":0,"texture":"#0","tintindex":0},"east":{"uv":[1.9375,3.25,2.0625,3.4375],"rotation":0,"texture":"#0","tintindex":0},"west":{"uv":[2.25,3.25,2.375,3.4375],"rotation":0,"texture":"#0","tintindex":0},"up":{"uv":[2.25,3.25,2.0625,3.125],"rotation":0,"texture":"#0","tintindex":0}}},{"from":[7.035903,7.127137,-6.054573],"to":[8.691903,8.783137,-1.6385717],"rotation":{"angle":0.0,"axis":"y","origin":[17.142857,18.857143,4.5714283]},"faces":{"south":{"uv":[7.375,7.875,7.5625,8.0625],"rotation":0,"texture":"#0","tintindex":0},"north":{"uv":[7.125,7.875,7.3125,8.0625],"rotation":0,"texture":"#0","tintindex":0},"down":{"uv":[7.8125,5.5,7.625,6.0],"rotation":0,"texture":"#0","tintindex":0},"east":{"uv":[6.375,0.4375,6.875,0.625],"rotation":0,"texture":"#0","tintindex":0},"west":{"uv":[7.625,3.875,8.125,4.0625],"rotation":0,"texture":"#0","tintindex":0},"up":{"uv":[4.375,8.125,4.1875,7.625],"rotation":0,"texture":"#0","tintindex":0}}},{"from":[7.311903,8.783137,-4.950572],"to":[8.415903,9.887137,-2.7425776],"rotation":{"angle":0.0,"axis":"y","origin":[17.142857,18.857143,4.5714283]},"faces":{"south":{"uv":[0.625,5.25,0.75,5.375],"rotation":0,"texture":"#0","tintindex":0},"north":{"uv":[0.25,5.25,0.375,5.375],"rotation":0,"texture":"#0","tintindex":0},"down":{"uv":[0.5,5.0,0.375,5.25],"rotation":0,"texture":"#0","tintindex":0},"east":{"uv":[0.0,5.25,0.25,5.375],"rotation":0,"texture":"#0","tintindex":0},"west":{"uv":[0.375,5.25,0.625,5.375],"rotation":0,"texture":"#0","tintindex":0},"up":{"uv":[0.375,5.25,0.25,5.0],"rotation":0,"texture":"#0","tintindex":0}}},{"from":[7.311903,6.023137,-4.950572],"to":[8.415903,7.127137,-2.7425776],"rotation":{"angle":0.0,"axis":"y","origin":[17.142857,18.857143,4.5714283]},"faces":{"south":{"uv":[1.4375,5.25,1.5625,5.375],"rotation":0,"texture":"#0","tintindex":0},"north":{"uv":[1.0625,5.25,1.1875,5.375],"rotation":0,"texture":"#0","tintindex":0},"down":{"uv":[1.3125,5.0,1.1875,5.25],"rotation":0,"texture":"#0","tintindex":0},"east":{"uv":[0.8125,5.25,1.0625,5.375],"rotation":0,"texture":"#0","tintindex":0},"west":{"uv":[1.1875,5.25,1.4375,5.375],"rotation":0,"texture":"#0","tintindex":0},"up":{"uv":[1.1875,5.25,1.0625,5.0],"rotation":0,"texture":"#0","tintindex":0}}},{"from":[7.5879087,4.367131,-6.606578],"to":[8.139897,6.023137,-1.0865717],"rotation":{"angle":0.0,"axis":"y","origin":[17.142857,18.857143,4.5714283]},"faces":{"south":{"uv":[8.0,3.0625,8.0625,3.25],"rotation":0,"texture":"#0","tintindex":0},"north":{"uv":[8.0,2.8125,8.0625,3.0],"rotation":0,"texture":"#0","tintindex":0},"down":{"uv":[3.8125,7.875,3.75,8.5],"rotation":0,"texture":"#0","tintindex":0},"east":{"uv":[7.625,3.375,8.25,3.5625],"rotation":0,"texture":"#0","tintindex":0},"west":{"uv":[7.625,3.625,8.25,3.8125],"rotation":0,"texture":"#0","tintindex":0},"up":{"uv":[3.6875,8.5,3.625,7.875],"rotation":0,"texture":"#0","tintindex":0}}},{"from":[7.863903,1.8831425,-8.814573],"to":[7.863903,14.0271435,1.1214228],"rotation":{"angle":0.0,"axis":"y","origin":[17.142857,18.857143,4.5714283]},"faces":{"south":{"uv":[5.875,8.0,5.875,9.375],"rotation":0,"texture":"#0","tintindex":0},"north":{"uv":[2.25,8.0,2.25,9.375],"rotation":0,"texture":"#0","tintindex":0},"down":{"uv":[6.0,8.0,6.0,9.125],"rotation":0,"texture":"#0","tintindex":0},"east":{"uv":[1.0625,5.4375,2.1875,6.8125],"rotation":0,"texture":"#0","tintindex":0},"west":{"uv":[2.25,5.5,3.375,6.875],"rotation":0,"texture":"#0","tintindex":0},"up":{"uv":[5.9375,9.125,5.9375,8.0],"rotation":0,"texture":"#0","tintindex":0}}},{"from":[7.035903,7.127137,12.161434],"to":[8.691903,8.783137,13.817429],"rotation":{"angle":0.0,"axis":"y","origin":[17.142857,18.857143,4.5714283]},"faces":{"south":{"uv":[5.5625,2.375,5.75,2.5625],"rotation":0,"texture":"#0","tintindex":0},"north":{"uv":[5.1875,2.375,5.375,2.5625],"rotation":0,"texture":"#0","tintindex":0},"down":{"uv":[5.5625,2.1875,5.375,2.375],"rotation":0,"texture":"#0","tintindex":0},"east":{"uv":[5.0,2.375,5.1875,2.5625],"rotation":0,"texture":"#0","tintindex":0},"west":{"uv":[5.375,2.375,5.5625,2.5625],"rotation":0,"texture":"#0","tintindex":0},"up":{"uv":[5.375,2.375,5.1875,2.1875],"rotation":0,"texture":"#0","tintindex":0}}}],"display":{"head":{"translation":[0.0,-6.4,0.0],"scale":[4.0,4.0,4.0]}}}