{"textures":{"0":"modelengine:entity/goblin_4"},"elements":[{"from":[7.38748,-0.10314846,12.83],"to":[16.21948,14.248852,13.382],"rotation":{"angle":0.0,"axis":"y","origin":[8.0,9.142858,8.0]},"faces":{"south":{"uv":[0.0,5.4375,1.0,7.0625],"rotation":0,"texture":"#0","tintindex":0},"north":{"uv":[4.9375,5.25,5.9375,6.875],"rotation":0,"texture":"#0","tintindex":0},"down":{"uv":[8.75,7.25,7.75,7.3125],"rotation":0,"texture":"#0","tintindex":0},"east":{"uv":[2.3125,7.5,2.375,9.125],"rotation":0,"texture":"#0","tintindex":0},"west":{"uv":[4.0625,7.625,4.125,9.25],"rotation":0,"texture":"#0","tintindex":0},"up":{"uv":[6.0,3.4375,5.0,3.375],"rotation":0,"texture":"#0","tintindex":0}}},{"from":[7.38748,-3.455698,8.924046],"to":[16.21948,-1.2477026,9.476046],"rotation":{"angle":-22.5,"axis":"x","origin":[8.0,9.142858,8.0]},"faces":{"south":{"uv":[4.5,6.9375,5.5,7.1875],"rotation":0,"texture":"#0","tintindex":0},"north":{"uv":[6.9375,1.625,7.9375,1.875],"rotation":0,"texture":"#0","tintindex":0},"down":{"uv":[8.75,7.5,7.75,7.5625],"rotation":0,"texture":"#0","tintindex":0},"east":{"uv":[2.9375,3.125,3.0,3.375],"rotation":0,"texture":"#0","tintindex":0},"west":{"uv":[5.875,6.9375,5.9375,7.1875],"rotation":0,"texture":"#0","tintindex":0},"up":{"uv":[8.75,7.4375,7.75,7.375],"rotation":0,"texture":"#0","tintindex":0}}}],"display":{"head":{"translation":[0.0,-6.4,0.0],"scale":[4.0,4.0,4.0]}}}