{"textures":{"0":"modelengine:entity/goblin_4"},"elements":[{"from":[7.176,7.7474284,5.6191425],"to":[8.28,8.851429,8.931143],"rotation":{"angle":0.0,"axis":"y","origin":[7.176,7.7474284,6.1711426]},"faces":{"south":{"uv":[8.0,2.4375,8.125,2.5625],"rotation":0,"texture":"#0","tintindex":0},"north":{"uv":[7.375,1.9375,7.5,2.0625],"rotation":0,"texture":"#0","tintindex":0},"down":{"uv":[7.0625,7.75,6.9375,8.125],"rotation":0,"texture":"#0","tintindex":0},"east":{"uv":[3.0,6.9375,3.375,7.0625],"rotation":0,"texture":"#0","tintindex":0},"west":{"uv":[7.125,3.875,7.5,4.0],"rotation":0,"texture":"#0","tintindex":0},"up":{"uv":[6.875,8.125,6.75,7.75],"rotation":0,"texture":"#0","tintindex":0}}},{"from":[7.176,7.1954284,8.931143],"to":[8.28,9.403429,10.035143],"rotation":{"angle":0.0,"axis":"y","origin":[7.176,8.299429,8.931143]},"faces":{"south":{"uv":[7.9375,6.1875,8.0625,6.4375],"rotation":0,"texture":"#0","tintindex":0},"north":{"uv":[7.9375,4.125,8.0625,4.375],"rotation":0,"texture":"#0","tintindex":0},"down":{"uv":[2.8125,8.0,2.6875,8.125],"rotation":0,"texture":"#0","tintindex":0},"east":{"uv":[7.9375,5.875,8.0625,6.125],"rotation":0,"texture":"#0","tintindex":0},"west":{"uv":[7.9375,7.625,8.0625,7.875],"rotation":0,"texture":"#0","tintindex":0},"up":{"uv":[8.125,2.75,8.0,2.625],"rotation":0,"texture":"#0","tintindex":0}}},{"from":[6.0719943,6.6434226,1.2031426],"to":[9.384006,9.955435,5.6191425],"rotation":{"angle":0.0,"axis":"y","origin":[7.728,8.299429,4.515143]},"faces":{"south":{"uv":[2.875,7.625,3.25,8.0],"rotation":0,"texture":"#0","tintindex":0},"north":{"uv":[7.625,0.875,8.0,1.25],"rotation":0,"texture":"#0","tintindex":0},"down":{"uv":[2.8125,7.4375,2.4375,7.9375],"rotation":0,"texture":"#0","tintindex":0},"east":{"uv":[6.625,7.3125,7.125,7.6875],"rotation":0,"texture":"#0","tintindex":0},"west":{"uv":[6.625,7.3125,7.125,7.6875],"rotation":0,"texture":"#0","tintindex":0},"up":{"uv":[7.5625,7.8125,7.1875,7.3125],"rotation":0,"texture":"#0","tintindex":0}}}],"display":{"head":{"translation":[0.0,-6.4,0.0],"scale":[4.0,4.0,4.0]}}}